{
    "ar": "العربية",
    "az": "Azərbaycanca",
    "bn": "বাংলা",
    "de": "Deutsch",
    "el": "Ελληνικά",
    "en": "English",
    "es-ES": "Español",
    "fa": "فارسی",
    "fr": "Français",
    "id": "Bahasa Indonesia",
    "it": "Italiano",
    "ja": "日本語",
    "ko": "한국어",
    "pt-BR": "Português",
    "pl": "Polski",
    "ru": "Русский",
    "th": "ไทย",
    "tl": "Filipino",
    "tr": "Türkçe",
    "uk": "Українська",
    "vi": "Tiếng Việt",
    "zh-CN": "简体中文",
    "zh-TW": "繁體中文"
}
