<?xml version="1.0" encoding="utf-8"?>
<resources>
    <string name="system_default">Langage système</string>
    <string name="more_language">Plus</string>
    <!-- Header -->
    <string name="header_title">Tricky Addon</string>
    <!-- Help Menu-->
    <string name="help_help_instructions">Instructions</string>
    <string name="help_save_and_update_description">Enregistrer la configuration actuelle dans target.txt.</string>
    <string name="help_select_denylist">Sélectionner depuis la DenyList</string>
    <string name="help_select_denylist_description">Disponible uniquement sur Magisk, sélectionner les applications présentes dans la DenyList. Recommandé.</string>
    <string name="help_deselect_unnecessary">Désélectionner les applications inutiles</string>
    <string name="help_deselect_unnecessary_description">Catégorie inutile : module Xposed, gestionnaire root, applications liées au root et applications générales ne vérifiant jamais l&apos;état du bootloader. Cette option nécessite une connexion Internet.</string>
    <string name="help_add_system_app">Ajouter une application système</string>
    <string name="help_add_system_app_description">Ajouter une application système spécifique à la liste.</string>
    <string name="help_set_keybox">Définir une Keybox AOSP &amp; Valide</string>
    <string name="help_set_keybox_description">Remplacer le fichier keybox.xml de Tricky Store. L&apos;option keybox valide nécessite une connexion Internet.</string>
    <string name="help_set_custom_keybox">Définir une Keybox personnalisée</string>
    <string name="help_set_custom_keybox_description">Importer une keybox depuis le stockage de votre appareil. Seuls les fichiers XML sont pris en charge.</string>
    <string name="help_set_security_patch">Définir le patch de sécurité</string>
    <string name="help_set_security_patch_description">Définir un patch de sécurité personnalisé. La configuration automatique utilisera le patch de sécurité du module PIF. Laisser vide et enregistrer pour désactiver la configuration automatique.</string>
    <string name="help_set_verified_boot_hash">Définir le hash Verified Boot</string>
    <string name="help_set_verified_boot_hash_description">Obtenir la valeur verifiedBootHash depuis Key Attestation Demo. Corriger un état de démarrage anormal en réinitialisant ro.boot.vbmeta.digest.</string>
    <!-- Update -->
    <string name="update_update_available">Une nouvelle version est disponible</string>
    <string name="update_redirect_to_release">appuyer pour télécharger la dernière version</string>
    <string name="update_changelog">Journal des modifications</string>
    <string name="update_install">Installer</string>
    <string name="update_reboot">Redémarrer</string>
    <!-- Search -->
    <string name="search_bar_search_placeholder">Rechercher</string>
    <!-- Functional Button -->
    <string name="functional_button_save">Enregistrer</string>
    <string name="functional_button_uninstall_webui">Désinstaller la WebUI</string>
    <string name="functional_button_close">Fermer</string>
    <string name="functional_button_cancel">Annuler</string>
    <string name="functional_button_confirm">Confirmer</string>
    <!-- Loading -->
    <string name="loading_loading">Chargement…</string>
    <!-- Menu -->
    <string name="menu_refresh">Actualiser</string>
    <string name="menu_select_all">Tout sélectionner</string>
    <string name="menu_deselect_all">Tout désélectionner</string>
    <string name="menu_select_denylist">Sélectionner depuis la DenyList</string>
    <string name="menu_deselect_unnecessary">Désélectionner les applications inutiles</string>
    <string name="menu_add_system_app">Ajouter une application système</string>
    <string name="menu_keybox">Keybox</string>
    <string name="menu_keybox_aosp">AOSP</string>
    <string name="menu_keybox_unknown">Inconnue</string>
    <string name="menu_keybox_valid">Valide</string>
    <string name="menu_keybox_custom">Customisée</string>
    <string name="menu_set_verified_boot_hash">Définir le hash Verified Boot</string>
    <string name="menu_set_security_patch">Définir le patch de sécurité</string>
    <string name="menu_set_devconfig">Mettre en place une configuration de développement</string>
    <string name="menu_help">Aide</string>
    <string name="menu_language">Langue</string>
    <string name="menu_about">À propos</string>
    <!-- Boot Hash -->
    <string name="boot_hash_title">Hash de démarrage</string>
    <string name="boot_hash_input_placeholder">Collez votre hash Verified Boot ici</string>
    <!-- About -->
    <string name="about_module_name_line1">Tricky Addon</string>
    <string name="about_module_name_line2">Mettre à jour la liste cible</string>
    <string name="about_by">par</string>
    <string name="about_telegram_channel">Canal Telegram</string>
    <string name="about_canary_update">Mettre à jour vers la dernière version canary</string>
    <string name="about_translation_update">Mettre à jour le pack de traduction</string>
    <string name="about_disclaimer">Ce module ne fait pas partie du module Tricky Store. NE signalez PAS de problèmes à Tricky Store en cas d&apos;erreur.</string>
    <string name="about_acknowledgment">Remerciements</string>
    <!-- Prompt -->
    <string name="prompt_no_internet">Veuillez vérifier votre connexion Internet</string>
    <string name="prompt_aosp_key_set">Keybox AOSP définie avec succès</string>
    <string name="prompt_key_set_error">Échec de la mise à jour de la Keybox</string>
    <string name="prompt_unknown_key_set">Keybox inconnue définie avec succès</string>
    <string name="prompt_valid_key_set">Keybox valide définie avec succès</string>
    <string name="prompt_no_valid">Aucune Keybox valide trouvée.</string>
    <string name="prompt_boot_hash_set">Hash Verified Boot enregistré avec succès</string>
    <string name="prompt_boot_hash_set_error">Échec de la mise à jour du hash Verified Boot</string>
    <string name="prompt_saved_target">Configuration enregistrée dans target.txt</string>
    <string name="prompt_save_error">Échec de l&apos;enregistrement de la configuration</string>
    <string name="prompt_uninstall_prompt">La WebUI sera supprimée après le redémarrage</string>
    <string name="prompt_uninstall_failed">Échec de la désinstallation de la WebUI</string>
    <string name="prompt_checking_update">Vérification de la mise à jour...</string>
    <string name="prompt_new_update">Une nouvelle mise à jour est disponible !</string>
    <string name="prompt_no_update">Il aucune mise à jour disponible pour le moment</string>
    <string name="prompt_downloading">Téléchargement de la mise à jour…</string>
    <string name="prompt_downloaded">Téléchargement terminé</string>
    <string name="prompt_download_fail">Échec du téléchargement de la mise à jour</string>
    <string name="prompt_installing">Installation de la mise à jour…</string>
    <string name="prompt_installed">Installation réussie, redémarrez maintenant.</string>
    <string name="prompt_install_fail">Échec de l&apos;installation, veuillez mettre à jour manuellement</string>
    <string name="prompt_rebooting">Redémarrage…</string>
    <string name="prompt_reboot_fail">Échec du redémarrage, veuillez redémarrer manuellement</string>
    <string name="prompt_translation_updated">Pack de traduction mis à jour avec succès</string>
    <string name="prompt_translation_update_failed">Échec de la mise à jour du pack de traduction</string>
    <string name="prompt_custom_key_set">Keybox personnalisée définie avec succès</string>
    <string name="prompt_custom_key_set_error">Échec de la définition de la Keybox personnalisée</string>
    <string name="prompt_no_file_selected">Aucun fichier sélectionné</string>
    <string name="prompt_system_app_not_found">Application système introuvable</string>
    <string name="prompt_system_app_error">Échec de l&apos;ajout de l&apos;application système</string>
    <!-- Security Patch -->
    <string name="security_patch_title">Patch de sécurité</string>
    <string name="security_patch_advanced_mode">Avancé</string>
    <string name="security_patch_get_date">Obtenir la date du patch de sécurité</string>
    <string name="security_patch_auto">Automatique</string>
    <string name="security_patch_fetching">Récupération…</string>
    <string name="security_patch_fetched">Terminé</string>
    <string name="security_patch_get_failed">Échec de la récupération de la date du patch de sécurité</string>
    <string name="security_patch_unable_to_connect">Impossible de se connecter à source.android.com</string>
    <string name="security_patch_auto_success">Configuration automatique activée avec succès</string>
    <string name="security_patch_auto_failed">Échec de l&apos;activation de la configuration automatique</string>
    <string name="security_patch_save_success">Patch de sécurité enregistré avec succès</string>
    <string name="security_patch_save_failed">Échec de l&apos;enregistrement du patch de sécurité</string>
    <string name="security_patch_value_empty">Configuration du patch de sécurité désactivée</string>
    <string name="security_patch_invalid_all">Format invalide</string>
    <string name="security_patch_invalid_boot">Format de démarrage invalide</string>
    <string name="security_patch_invalid_system">Format du système invalide</string>
    <string name="security_patch_invalid_vendor">Format du fournisseur invalide</string>
    <!-- Add System App -->
    <string name="add_system_app_title">Ajouter une application système</string>
    <string name="add_system_app_add">Ajouter</string>
    <string name="add_system_app_current_list">Liste des applications système actuelles</string>
    <!-- Uninstall confirmation -->
    <string name="confirmation_uninstall_title">Confirmer la désinstallation ?</string>
    <string name="confirmation_uninstall_message">Êtes-vous sûr(e) de vouloir désinstaller Tricky Addon</string>
    <!-- Mode dialog -->
    <string name="mode_dialog_title">Mode</string>
    <string name="mode_auto">Automatique</string>
    <string name="mode_certificate_generating">Génération de certificats (!)</string>
    <string name="mode_leaf_hack">Leaf Hack (?)</string>
</resources>
