<?xml version="1.0" encoding="utf-8"?>
<resources>
    <string name="system_default">Język urządzenia</string>
    <string name="more_language">Więcej języków</string>
    <!-- Header -->
    <string name="header_title">Tricky Addon</string>
    <!-- Help Menu-->
    <string name="help_help_instructions">Instrukcje</string>
    <string name="help_save_and_update_description">Zapisz bieżącą konfigurację do pliku target.txt.</string>
    <string name="help_select_denylist">Wybierz z listy odrzuconych</string>
    <string name="help_select_denylist_description">Dostępne tylko w Magisk, wybrane aplikacje, które są na liście odrzuconych. Zalecane.</string>
    <string name="help_deselect_unnecessary">Odznacz niepotrzebne</string>
    <string name="help_deselect_unnecessary_description">Kategoria niepotrzebne: moduł Xposed, menedżer root, aplikacje związane z rootem i ogólne aplikacje, które nigdy nie sprawdzają stanu bootloadera. Ta opcja wymaga połączenia internetowego.</string>
    <string name="help_add_system_app">Dodaj aplikację systemową</string>
    <string name="help_add_system_app_description">Dodaj konkretną aplikację systemową do listy aplikacji.</string>
    <string name="help_set_keybox">Ustaw ważny zestaw kluczy AOSP</string>
    <string name="help_set_keybox_description">Zastąp plik keybox.xml. Opcja wymaga połączenia internetowego i nie zawsze jest dostępna.</string>
    <string name="help_set_custom_keybox">Ustaw niestandardowy zestaw kluczy</string>
    <string name="help_set_custom_keybox_description">Importuj zestaw kluczy z pamięci urządzenia. Obsługuje tylko pliki xml.</string>
    <string name="help_set_security_patch">Ustaw poprawkę zabezpieczeń</string>
    <string name="help_set_security_patch_description">Ustaw niestandardową poprawkę zabezpieczeń. Automatyczna konfiguracja użyje poprawki bezpieczeństwa z modułu PIF. Pozostaw puste i zapisz, aby wyłączyć automatyczną konfigurację.</string>
    <string name="help_set_verified_boot_hash">Ustaw zweryfikowany skrót rozruchowy</string>
    <string name="help_set_verified_boot_hash_description">Pobierz zweryfikowaną wartość skrótu rozruchowego z Key Attestation. Napraw nieprawidłowy stan rozruchu, resetując ro.boot.vbmeta.digest.</string>
    <!-- Update -->
    <string name="update_update_available">Dostępna jest nowa wersja</string>
    <string name="update_redirect_to_release">dotknij, aby pobrać najnowszą wersję</string>
    <string name="update_changelog">Historia zmian</string>
    <string name="update_install">Zainstaluj</string>
    <string name="update_reboot">Uruchom ponownie</string>
    <!-- Search -->
    <string name="search_bar_search_placeholder">Szukaj</string>
    <!-- Functional Button -->
    <string name="functional_button_save">Zapisz</string>
    <string name="functional_button_uninstall_webui">Odinstaluj WebUI</string>
    <string name="functional_button_close">Zamknij</string>
    <string name="functional_button_cancel">Anuluj</string>
    <string name="functional_button_confirm">Potwierdź</string>
    <!-- Loading -->
    <string name="loading_loading">Ładowanie...</string>
    <!-- Menu -->
    <string name="menu_refresh">Odśwież</string>
    <string name="menu_select_all">Zaznacz wszystko</string>
    <string name="menu_deselect_all">Odznacz wszystko</string>
    <string name="menu_select_denylist">Wybierz z listy odrzuconych</string>
    <string name="menu_deselect_unnecessary">Odznacz niepotrzebne</string>
    <string name="menu_add_system_app">Dodaj aplikację systemową</string>
    <string name="menu_keybox">Zestaw kluczy</string>
    <string name="menu_keybox_aosp">AOSP</string>
    <string name="menu_keybox_unknown">Nieznany</string>
    <string name="menu_keybox_valid">Ważny</string>
    <string name="menu_keybox_custom">Niestandardowy</string>
    <string name="menu_set_verified_boot_hash">Ustaw zweryfikowany skrót rozruchowy</string>
    <string name="menu_set_security_patch">Ustaw poprawkę zabezpieczeń</string>
    <string name="menu_set_devconfig">Ustaw konfigurację programisty</string>
    <string name="menu_help">Pomoc</string>
    <string name="menu_language">Język</string>
    <string name="menu_about">O Tricky Addon</string>
    <!-- Boot Hash -->
    <string name="boot_hash_title">Skrót rozruchowy</string>
    <string name="boot_hash_input_placeholder">Wklej tutaj zweryfikowany skrót rozruchowy</string>
    <!-- About -->
    <string name="about_module_name_line1">Tricky Addon</string>
    <string name="about_module_name_line2">Uaktualnij listę docelową</string>
    <string name="about_by">wydany przez:</string>
    <string name="about_telegram_channel">Telegram</string>
    <string name="about_canary_update">Zaktualizuj do najnowszej wersji Canary</string>
    <string name="about_translation_update">Zaktualizuj pakiet tłumaczenia</string>
    <string name="about_disclaimer">Ten moduł nie jest częścią modułu Tricky Store. Nie zgłaszaj żadnych problemów do Tricky Store, jeśli je napotkasz.</string>
    <string name="about_acknowledgment">Podziękowania dla:</string>
    <!-- Prompt -->
    <string name="prompt_no_internet">Sprawdź połączenie internetowe</string>
    <string name="prompt_aosp_key_set">Zestaw kluczy AOSP ustawiony pomyślnie</string>
    <string name="prompt_key_set_error">Nie udało się zaktualizować zestawu kluczy</string>
    <string name="prompt_unknown_key_set">Nieznany zestaw kluczy ustawiony pomyślnie</string>
    <string name="prompt_valid_key_set">Ważny zestaw kluczy ustawiony pomyślnie</string>
    <string name="prompt_no_valid">Nie znaleziono ważnego zestawu kluczy</string>
    <string name="prompt_boot_hash_set">Zweryfikowany skrót rozruchowy zapisany pomyślnie</string>
    <string name="prompt_boot_hash_set_error">Nie udało się zaktualizować zweryfikowanego skrótu rozruchowego</string>
    <string name="prompt_saved_target">Konfiguracja zapisana do pliku target.txt</string>
    <string name="prompt_save_error">Nie udało się zapisać konfiguracji</string>
    <string name="prompt_uninstall_prompt">WebUI zostanie odinstalowany po ponownym uruchomieniu</string>
    <string name="prompt_uninstall_failed">Nie udało się odinstalować WebUI</string>
    <string name="prompt_checking_update">Sprawdzanie aktualizacji...</string>
    <string name="prompt_new_update">Dostępna jest nowa aktualizacja!</string>
    <string name="prompt_no_update">Obecnie nie ma dostępnych aktualizacji</string>
    <string name="prompt_downloading">Pobieranie nowej aktualizacji...</string>
    <string name="prompt_downloaded">Pobieranie zakończone</string>
    <string name="prompt_download_fail">Nie udało się pobrać aktualizacji</string>
    <string name="prompt_installing">Instalowanie aktualizacji...</string>
    <string name="prompt_installed">Zainstalowano pomyślnie, uruchom ponownie.</string>
    <string name="prompt_install_fail">Nie udało się zainstalować, zaktualizuj ręcznie</string>
    <string name="prompt_rebooting">Ponowne uruchamianie...</string>
    <string name="prompt_reboot_fail">Nie udało się ponownie uruchomić, proszę wykonać to ręcznie</string>
    <string name="prompt_translation_updated">Zaktualizowano pakiet tłumaczenia</string>
    <string name="prompt_translation_update_failed">Nie udało się zaktualizować pakietu tłumaczenia</string>
    <string name="prompt_custom_key_set">Niestandardowy zestaw kluczy ustawiony pomyślnie</string>
    <string name="prompt_custom_key_set_error">Nie udało się ustawić niestandardowego zestawu kluczy</string>
    <string name="prompt_no_file_selected">Nie wybrano pliku</string>
    <string name="prompt_system_app_not_found">Nie znaleziono aplikacji systemowej</string>
    <string name="prompt_system_app_error">Nie udało się dodać aplikacji systemowej</string>
    <!-- Security Patch -->
    <string name="security_patch_title">Poprawka zabezpieczeń</string>
    <string name="security_patch_advanced_mode">Zaawansowane</string>
    <string name="security_patch_get_date">Pobierz datę poprawki zabezpieczeń</string>
    <string name="security_patch_auto">Automatycznie</string>
    <string name="security_patch_fetching">Pobieranie...</string>
    <string name="security_patch_fetched">Gotowe</string>
    <string name="security_patch_get_failed">Nie udało się pobrać daty poprawki zabezpieczeń</string>
    <string name="security_patch_unable_to_connect">Nie można połączyć się z source.android.com</string>
    <string name="security_patch_auto_success">Automatyczna konfiguracja włączona pomyślnie</string>
    <string name="security_patch_auto_failed">Nie udało się włączyć automatycznej konfiguracji</string>
    <string name="security_patch_save_success">Poprawka zabezpieczeń zapisana pomyślnie</string>
    <string name="security_patch_save_failed">Nie udało się zapisać poprawki zabezpieczeń</string>
    <string name="security_patch_value_empty">Konfiguracja poprawki zabezpieczeń jest wyłączona</string>
    <string name="security_patch_invalid_all">Nieprawidłowy format</string>
    <string name="security_patch_invalid_boot">Nieprawidłowy format rozruchu</string>
    <string name="security_patch_invalid_system">Nieprawidłowy format systemu</string>
    <string name="security_patch_invalid_vendor">Nieprawidłowy format dostawcy</string>
    <!-- Add System App -->
    <string name="add_system_app_title">Dodaj aplikację systemową</string>
    <string name="add_system_app_add">Dodaj</string>
    <string name="add_system_app_current_list">Aktualna lista aplikacji systemowych</string>
    <!-- Uninstall confirmation -->
    <string name="confirmation_uninstall_title">Potwierdzasz odinstalowanie?</string>
    <string name="confirmation_uninstall_message">Czy na pewno chcesz odinstalować Tricky Addon?</string>
    <!-- Mode dialog -->
    <string name="mode_dialog_title">Tryb</string>
    <string name="mode_auto">Automatyczny</string>
    <string name="mode_certificate_generating">Generowanie certyfikatów (!)</string>
    <string name="mode_leaf_hack">Obejście sposobem (?)</string>
</resources>
